molecule_name,pIC50
CHEMBL666794,5.213248926424742
CHEMBL692480,7.1479651451291675
CHEMBL645587,6.571132567210429
