molecule_name,pIC50
CHEMBL341591,6.662351044002824
CHEMBL431859,6.571132567210429
